{"untitled": [[3, 4, 7, 3, 5, 6, 3, 3, 7, 0, 5, 0, 0, 3, 2, 4], [6, 2, 1, 0, 3, 7, 4, 1, 5, 7, 0, 5, 6, 7, 9, 5], [5, 5, 2, 7, 1, 1, 3, 1, 6, 9, 6, 7, 5, 5, 8, 5], [5, 3, 2, 5, 4, 0, 4, 1, 0, 4, 9, 7, 7, 6, 6, 9], [7, 5, 7, 6, 4, 1, 5, 5, 2, 4, 0, 9, 8, 0, 5, 7], [6, 6, 5, 0, 1, 6, 1, 1, 4, 3, 3, 6, 1, 3, 6, 9], [5, 4, 0, 2, 2, 4, 1, 5, 4, 7, 5, 4, 5, 3, 6, 1], [1, 2, 3, 7, 7, 4, 1, 9, 2, 9, 5, 5, 3, 5, 6, 3], [2, 4, 1, 3, 6, 1, 5, 0, 2, 6, 1, 1, 2, 0, 9, 3], [5, 9, 4, 6, 0, 2, 4, 5, 0, 7, 9, 6, 1, 2, 3, 5], [7, 0, 5, 2, 7, 0, 3, 4, 9, 0, 0, 7, 7, 6, 9, 1], [1, 5, 8, 7, 0, 1, 4, 0, 4, 7, 0, 1, 3, 8, 7, 3], [1, 6, 3, 3, 3, 1, 4, 1, 0, 9, 4, 8, 9, 1, 1, 6], [8, 8, 6, 0, 1, 2, 1, 2, 5, 5, 2, 6, 1, 5, 4, 6], [5, 0, 7, 0, 4, 1, 3, 9, 6, 6, 5, 5, 5, 7, 8, 7]], "matrix A": [[7, 0, 5, 5, 8, 5, 6, 5, 2, 1, 5, 1, 2, 8, 6, 9], [2, 6, 5, 0, 3, 8, 0, 4, 8, 3, 6, 3, 8, 7, 5, 2], [0, 0, 9, 9, 9, 3, 2, 8, 7, 4, 1, 0, 4, 0, 5, 6], [3, 9, 2, 8, 6, 5, 2, 1, 9, 8, 6, 6, 8, 2, 6, 5], [2, 0, 3, 5, 4, 8, 3, 6, 0, 1, 5, 6, 6, 7, 4, 3], [0, 2, 2, 1, 3, 4, 5, 2, 9, 8, 9, 6, 1, 5, 1, 5], [5, 3, 4, 8, 4, 2, 9, 4, 5, 9, 5, 2, 3, 9, 3, 3], [3, 8, 3, 8, 2, 1, 1, 1, 7, 8, 7, 7, 3, 9, 3, 6], [1, 0, 5, 4, 3, 0, 1, 3, 5, 9, 5, 4, 0, 3, 4, 9], [1, 9, 3, 8, 6, 8, 3, 1, 3, 7, 0, 3, 2, 6, 3, 3], [1, 4, 9, 8, 4, 5, 7, 8, 7, 4, 3, 5, 4, 1, 7, 5], [4, 3, 0, 4, 2, 4, 7, 0, 4, 2, 1, 9, 0, 1, 0, 7], [7, 8, 1, 4, 6, 1, 6, 7, 2, 0, 5, 9, 6, 3, 1, 8], [8, 0, 4, 9, 3, 7, 2, 6, 3, 9, 7, 5, 1, 4, 4, 8], [5, 1, 4, 8, 4, 4, 4, 1, 9, 3, 2, 4, 5, 8, 1, 0]], "rref of matrix A": [[1, 0, 0, 0, 0, 0, 0, 0, 0, 0, 0, 0, 0, 0, 0, -0.09630197296498721], [0, 1, 0, 0, 0, 0, 0, 0, 0, 0, 0, 0, 0, 0, 0, -0.5599397509114921], [0, 0, 1, 0, 0, 0, 0, 0, 0, 0, 0, 0, 0, 0, 0, -7.895772092066622], [0, 0, 0, 1, 0, 0, 0, 0, 0, 0, 0, 0, 0, 0, 0, -0.5538856480834117], [0, 0, 0, 0, 1, 0, 0, 0, 0, 0, 0, 0, 0, 0, 0, 0.22797964597516263], [0, 0, 0, 0, 0, 1, 0, 0, 0, 0, 0, 0, 0, 0, 0, -0.8462908857703948], [0, 0, 0, 0, 0, 0, 1, 0, 0, 0, 0, 0, 0, 0, 0, -1.2953714118107156], [0, 0, 0, 0, 0, 0, 0, 1, 0, 0, 0, 0, 0, 0, 0, 5.8391235105951615], [0, 0, 0, 0, 0, 0, 0, 0, 1, 0, 0, 0, 0, 0, 0, 3.8665532720106963], [0, 0, 0, 0, 0, 0, 0, 0, 0, 1, 0, 0, 0, 0, 0, 0.24931606471508072], [0, 0, 0, 0, 0, 0, 0, 0, 0, 0, 1, 0, 0, 0, 0, -4.035432960635314], [0, 0, 0, 0, 0, 0, 0, 0, 0, 0, 0, 1, 0, 0, 0, 1.0124931604009744], [0, 0, 0, 0, 0, 0, 0, 0, 0, 0, 0, 0, 1, 0, 0, -3.194236825873406], [0, 0, 0, 0, 0, 0, 0, 0, 0, 0, 0, 0, 0, 1, 0, 2.2355231702879346], [0, 0, 0, 0, 0, 0, 0, 0, 0, 0, 0, 0, 0, 0, 1, 5.432194668987782]], "10x10 identity matrix": [[1, 0, 0, 0, 0, 0, 0, 0, 0, 0], [0, 1, 0, 0, 0, 0, 0, 0, 0, 0], [0, 0, 1, 0, 0, 0, 0, 0, 0, 0], [0, 0, 0, 1, 0, 0, 0, 0, 0, 0], [0, 0, 0, 0, 1, 0, 0, 0, 0, 0], [0, 0, 0, 0, 0, 1, 0, 0, 0, 0], [0, 0, 0, 0, 0, 0, 1, 0, 0, 0], [0, 0, 0, 0, 0, 0, 0, 1, 0, 0], [0, 0, 0, 0, 0, 0, 0, 0, 1, 0], [0, 0, 0, 0, 0, 0, 0, 0, 0, 1]]}